{
  "buildCommand": "vite build",
  "outputDirectory": "dist/spa",
  "headers": [
    {
      "source": "/api/balance/email/(.*)",
      "headers": [
        {
          "key": "Cache-Control",
          "value": "public, s-maxage=300, stale-while-revalidate=600"
        },
        { "key": "Access-Control-Allow-Origin", "value": "*" },
        { "key": "Access-Control-Allow-Methods", "value": "GET, OPTIONS" },
        {
          "key": "Access-Control-Allow-Headers",
          "value": "Content-Type, x-admin-token"
        }
      ]
    },
    {
      "source": "/api/(.*)",
      "headers": [
        {
          "key": "Cache-Control",
          "value": "no-store, no-cache, must-revalidate, max-age=0"
        },
        { "key": "Pragma", "value": "no-cache" },
        { "key": "Expires", "value": "0" },
        { "key": "Access-Control-Allow-Origin", "value": "*" },
        {
          "key": "Access-Control-Allow-Methods",
          "value": "GET, POST, PATCH, DELETE, OPTIONS"
        },
        {
          "key": "Access-Control-Allow-Headers",
          "value": "Content-Type, x-admin-token"
        }
      ]
    }
  ],
  "rewrites": [
    { "source": "/api/(.*)", "destination": "/api/$1" },
    { "source": "/(.*)", "destination": "/index.html" }
  ]
}
